{
    "loss": 0.46853867173194885,
    "accuracy": 0.7948718070983887
}