{
    "loss": 0.5043004751205444,
    "accuracy": 0.7564102411270142
}